MMM yyyy Week,Year Quarter,Fiscal Month Letter,Is Current Year Flag,Is Before Latest Date within Data? Flag,Calendar Date,Fiscal Year Month Number,Fiscal Month Short Name,Fiscal Quarter,Fiscal Year,Fiscal Month,Fiscal Month Long Name,Fiscal Week Number,Year + Month
Mar 2024 week 9,2024Qtr 1,M​​​,False,True,28-Feb-24,202403,Mar,Qtr 1,2024,3,March,9,Mar 2024
Mar 2024 week 9,2024Qtr 1,M​​​,False,True,26-Feb-24,202403,Mar,Qtr 1,2024,3,March,9,Mar 2024
Mar 2024 week 9,2024Qtr 1,M​​​,False,True,2-Mar-24,202403,Mar,Qtr 1,2024,3,March,9,Mar 2024
Mar 2024 week 9,2024Qtr 1,M​​​,False,True,29-Feb-24,202403,Mar,Qtr 1,2024,3,March,9,Mar 2024
Mar 2024 week 9,2024Qtr 1,M​​​,False,True,27-Feb-24,202403,Mar,Qtr 1,2024,3,March,9,Mar 2024
Mar 2024 week 9,2024Qtr 1,M​​​,False,True,3-Mar-24,202403,Mar,Qtr 1,2024,3,March,9,Mar 2024
Mar 2024 week 9,2024Qtr 1,M​​​,False,True,1-Mar-24,202403,Mar,Qtr 1,2024,3,March,9,Mar 2024
Mar 2024 week 10,2024Qtr 1,M​​​,False,True,8-Mar-24,202403,Mar,Qtr 1,2024,3,March,10,Mar 2024
Mar 2024 week 10,2024Qtr 1,M​​​,False,True,10-Mar-24,202403,Mar,Qtr 1,2024,3,March,10,Mar 2024
Mar 2024 week 10,2024Qtr 1,M​​​,False,True,4-Mar-24,202403,Mar,Qtr 1,2024,3,March,10,Mar 2024
Mar 2024 week 10,2024Qtr 1,M​​​,False,True,6-Mar-24,202403,Mar,Qtr 1,2024,3,March,10,Mar 2024
Mar 2024 week 10,2024Qtr 1,M​​​,False,True,7-Mar-24,202403,Mar,Qtr 1,2024,3,March,10,Mar 2024
Mar 2024 week 10,2024Qtr 1,M​​​,False,True,9-Mar-24,202403,Mar,Qtr 1,2024,3,March,10,Mar 2024
Mar 2024 week 10,2024Qtr 1,M​​​,False,True,5-Mar-24,202403,Mar,Qtr 1,2024,3,March,10,Mar 2024
Mar 2024 week 11,2024Qtr 1,M​​​,False,True,16-Mar-24,202403,Mar,Qtr 1,2024,3,March,11,Mar 2024
Mar 2024 week 11,2024Qtr 1,M​​​,False,True,14-Mar-24,202403,Mar,Qtr 1,2024,3,March,11,Mar 2024
Mar 2024 week 11,2024Qtr 1,M​​​,False,True,12-Mar-24,202403,Mar,Qtr 1,2024,3,March,11,Mar 2024
Mar 2024 week 11,2024Qtr 1,M​​​,False,True,17-Mar-24,202403,Mar,Qtr 1,2024,3,March,11,Mar 2024
Mar 2024 week 11,2024Qtr 1,M​​​,False,True,13-Mar-24,202403,Mar,Qtr 1,2024,3,March,11,Mar 2024
Mar 2024 week 11,2024Qtr 1,M​​​,False,True,11-Mar-24,202403,Mar,Qtr 1,2024,3,March,11,Mar 2024
Mar 2024 week 11,2024Qtr 1,M​​​,False,True,15-Mar-24,202403,Mar,Qtr 1,2024,3,March,11,Mar 2024
Mar 2024 week 12,2024Qtr 1,M​​​,False,True,18-Mar-24,202403,Mar,Qtr 1,2024,3,March,12,Mar 2024
Mar 2024 week 12,2024Qtr 1,M​​​,False,True,23-Mar-24,202403,Mar,Qtr 1,2024,3,March,12,Mar 2024
Mar 2024 week 12,2024Qtr 1,M​​​,False,True,21-Mar-24,202403,Mar,Qtr 1,2024,3,March,12,Mar 2024
Mar 2024 week 12,2024Qtr 1,M​​​,False,True,19-Mar-24,202403,Mar,Qtr 1,2024,3,March,12,Mar 2024
Mar 2024 week 12,2024Qtr 1,M​​​,False,True,24-Mar-24,202403,Mar,Qtr 1,2024,3,March,12,Mar 2024
Mar 2024 week 12,2024Qtr 1,M​​​,False,True,20-Mar-24,202403,Mar,Qtr 1,2024,3,March,12,Mar 2024
Mar 2024 week 12,2024Qtr 1,M​​​,False,True,22-Mar-24,202403,Mar,Qtr 1,2024,3,March,12,Mar 2024
Mar 2024 week 13,2024Qtr 1,M​​​,False,True,25-Mar-24,202403,Mar,Qtr 1,2024,3,March,13,Mar 2024
Mar 2024 week 13,2024Qtr 1,M​​​,False,True,31-Mar-24,202403,Mar,Qtr 1,2024,3,March,13,Mar 2024
Mar 2024 week 13,2024Qtr 1,M​​​,False,True,29-Mar-24,202403,Mar,Qtr 1,2024,3,March,13,Mar 2024
Mar 2024 week 13,2024Qtr 1,M​​​,False,True,27-Mar-24,202403,Mar,Qtr 1,2024,3,March,13,Mar 2024
Mar 2024 week 13,2024Qtr 1,M​​​,False,True,28-Mar-24,202403,Mar,Qtr 1,2024,3,March,13,Mar 2024
Mar 2024 week 13,2024Qtr 1,M​​​,False,True,26-Mar-24,202403,Mar,Qtr 1,2024,3,March,13,Mar 2024
Mar 2024 week 13,2024Qtr 1,M​​​,False,True,30-Mar-24,202403,Mar,Qtr 1,2024,3,March,13,Mar 2024
Mar 2025 week 9,2025Qtr 1,M​​​,True,True,28-Feb-25,202503,Mar,Qtr 1,2025,3,March,9,Mar 2025
Mar 2025 week 9,2025Qtr 1,M​​​,True,True,26-Feb-25,202503,Mar,Qtr 1,2025,3,March,9,Mar 2025
Mar 2025 week 9,2025Qtr 1,M​​​,True,True,24-Feb-25,202503,Mar,Qtr 1,2025,3,March,9,Mar 2025
Mar 2025 week 9,2025Qtr 1,M​​​,True,True,2-Mar-25,202503,Mar,Qtr 1,2025,3,March,9,Mar 2025
Mar 2025 week 9,2025Qtr 1,M​​​,True,True,27-Feb-25,202503,Mar,Qtr 1,2025,3,March,9,Mar 2025
Mar 2025 week 9,2025Qtr 1,M​​​,True,True,1-Mar-25,202503,Mar,Qtr 1,2025,3,March,9,Mar 2025
Mar 2025 week 9,2025Qtr 1,M​​​,True,True,25-Feb-25,202503,Mar,Qtr 1,2025,3,March,9,Mar 2025
Mar 2025 week 10,2025Qtr 1,M​​​,True,True,4-Mar-25,202503,Mar,Qtr 1,2025,3,March,10,Mar 2025
Mar 2025 week 10,2025Qtr 1,M​​​,True,True,6-Mar-25,202503,Mar,Qtr 1,2025,3,March,10,Mar 2025
Mar 2025 week 10,2025Qtr 1,M​​​,True,True,8-Mar-25,202503,Mar,Qtr 1,2025,3,March,10,Mar 2025
Mar 2025 week 10,2025Qtr 1,M​​​,True,True,7-Mar-25,202503,Mar,Qtr 1,2025,3,March,10,Mar 2025
Mar 2025 week 10,2025Qtr 1,M​​​,True,True,9-Mar-25,202503,Mar,Qtr 1,2025,3,March,10,Mar 2025
Mar 2025 week 10,2025Qtr 1,M​​​,True,True,5-Mar-25,202503,Mar,Qtr 1,2025,3,March,10,Mar 2025
Mar 2025 week 10,2025Qtr 1,M​​​,True,True,3-Mar-25,202503,Mar,Qtr 1,2025,3,March,10,Mar 2025
Mar 2025 week 11,2025Qtr 1,M​​​,True,True,10-Mar-25,202503,Mar,Qtr 1,2025,3,March,11,Mar 2025
Mar 2025 week 11,2025Qtr 1,M​​​,True,True,11-Mar-25,202503,Mar,Qtr 1,2025,3,March,11,Mar 2025
Mar 2025 week 11,2025Qtr 1,M​​​,True,True,13-Mar-25,202503,Mar,Qtr 1,2025,3,March,11,Mar 2025
Mar 2025 week 11,2025Qtr 1,M​​​,True,True,15-Mar-25,202503,Mar,Qtr 1,2025,3,March,11,Mar 2025
Mar 2025 week 11,2025Qtr 1,M​​​,True,True,16-Mar-25,202503,Mar,Qtr 1,2025,3,March,11,Mar 2025
Mar 2025 week 11,2025Qtr 1,M​​​,True,True,12-Mar-25,202503,Mar,Qtr 1,2025,3,March,11,Mar 2025
Mar 2025 week 11,2025Qtr 1,M​​​,True,True,14-Mar-25,202503,Mar,Qtr 1,2025,3,March,11,Mar 2025
Mar 2025 week 12,2025Qtr 1,M​​​,True,True,21-Mar-25,202503,Mar,Qtr 1,2025,3,March,12,Mar 2025
Mar 2025 week 12,2025Qtr 1,M​​​,True,True,23-Mar-25,202503,Mar,Qtr 1,2025,3,March,12,Mar 2025
Mar 2025 week 12,2025Qtr 1,M​​​,True,True,19-Mar-25,202503,Mar,Qtr 1,2025,3,March,12,Mar 2025
Mar 2025 week 12,2025Qtr 1,M​​​,True,True,17-Mar-25,202503,Mar,Qtr 1,2025,3,March,12,Mar 2025
Mar 2025 week 12,2025Qtr 1,M​​​,True,True,20-Mar-25,202503,Mar,Qtr 1,2025,3,March,12,Mar 2025
Mar 2025 week 12,2025Qtr 1,M​​​,True,True,22-Mar-25,202503,Mar,Qtr 1,2025,3,March,12,Mar 2025
Mar 2025 week 12,2025Qtr 1,M​​​,True,True,18-Mar-25,202503,Mar,Qtr 1,2025,3,March,12,Mar 2025
Mar 2025 week 13,2025Qtr 1,M​​​,True,True,29-Mar-25,202503,Mar,Qtr 1,2025,3,March,13,Mar 2025
Mar 2025 week 13,2025Qtr 1,M​​​,True,True,27-Mar-25,202503,Mar,Qtr 1,2025,3,March,13,Mar 2025
Mar 2025 week 13,2025Qtr 1,M​​​,True,True,25-Mar-25,202503,Mar,Qtr 1,2025,3,March,13,Mar 2025
Mar 2025 week 13,2025Qtr 1,M​​​,True,True,26-Mar-25,202503,Mar,Qtr 1,2025,3,March,13,Mar 2025
Mar 2025 week 13,2025Qtr 1,M​​​,True,True,30-Mar-25,202503,Mar,Qtr 1,2025,3,March,13,Mar 2025
Mar 2025 week 13,2025Qtr 1,M​​​,True,True,28-Mar-25,202503,Mar,Qtr 1,2025,3,March,13,Mar 2025
Mar 2025 week 13,2025Qtr 1,M​​​,True,True,24-Mar-25,202503,Mar,Qtr 1,2025,3,March,13,Mar 2025
Jan 2024 week 1,2024Qtr 1,J​,False,True,6-Jan-24,202401,Jan,Qtr 1,2024,1,January,1,Jan 2024
Jan 2024 week 1,2024Qtr 1,J​,False,True,4-Jan-24,202401,Jan,Qtr 1,2024,1,January,1,Jan 2024
Jan 2024 week 1,2024Qtr 1,J​,False,True,2-Jan-24,202401,Jan,Qtr 1,2024,1,January,1,Jan 2024
Jan 2024 week 1,2024Qtr 1,J​,False,True,5-Jan-24,202401,Jan,Qtr 1,2024,1,January,1,Jan 2024
Jan 2024 week 1,2024Qtr 1,J​,False,True,7-Jan-24,202401,Jan,Qtr 1,2024,1,January,1,Jan 2024
Jan 2024 week 1,2024Qtr 1,J​,False,True,3-Jan-24,202401,Jan,Qtr 1,2024,1,January,1,Jan 2024
Jan 2024 week 1,2024Qtr 1,J​,False,True,1-Jan-24,202401,Jan,Qtr 1,2024,1,January,1,Jan 2024
Jan 2024 week 2,2024Qtr 1,J​,False,True,12-Jan-24,202401,Jan,Qtr 1,2024,1,January,2,Jan 2024
Jan 2024 week 2,2024Qtr 1,J​,False,True,14-Jan-24,202401,Jan,Qtr 1,2024,1,January,2,Jan 2024
Jan 2024 week 2,2024Qtr 1,J​,False,True,10-Jan-24,202401,Jan,Qtr 1,2024,1,January,2,Jan 2024
Jan 2024 week 2,2024Qtr 1,J​,False,True,8-Jan-24,202401,Jan,Qtr 1,2024,1,January,2,Jan 2024
Jan 2024 week 2,2024Qtr 1,J​,False,True,13-Jan-24,202401,Jan,Qtr 1,2024,1,January,2,Jan 2024
Jan 2024 week 2,2024Qtr 1,J​,False,True,11-Jan-24,202401,Jan,Qtr 1,2024,1,January,2,Jan 2024
Jan 2024 week 2,2024Qtr 1,J​,False,True,9-Jan-24,202401,Jan,Qtr 1,2024,1,January,2,Jan 2024
Jan 2024 week 3,2024Qtr 1,J​,False,True,19-Jan-24,202401,Jan,Qtr 1,2024,1,January,3,Jan 2024
Jan 2024 week 3,2024Qtr 1,J​,False,True,21-Jan-24,202401,Jan,Qtr 1,2024,1,January,3,Jan 2024
Jan 2024 week 3,2024Qtr 1,J​,False,True,15-Jan-24,202401,Jan,Qtr 1,2024,1,January,3,Jan 2024
Jan 2024 week 3,2024Qtr 1,J​,False,True,17-Jan-24,202401,Jan,Qtr 1,2024,1,January,3,Jan 2024
Jan 2024 week 3,2024Qtr 1,J​,False,True,20-Jan-24,202401,Jan,Qtr 1,2024,1,January,3,Jan 2024
Jan 2024 week 3,2024Qtr 1,J​,False,True,16-Jan-24,202401,Jan,Qtr 1,2024,1,January,3,Jan 2024
Jan 2024 week 3,2024Qtr 1,J​,False,True,18-Jan-24,202401,Jan,Qtr 1,2024,1,January,3,Jan 2024
Jan 2024 week 4,2024Qtr 1,J​,False,True,25-Jan-24,202401,Jan,Qtr 1,2024,1,January,4,Jan 2024
Jan 2024 week 4,2024Qtr 1,J​,False,True,27-Jan-24,202401,Jan,Qtr 1,2024,1,January,4,Jan 2024
Jan 2024 week 4,2024Qtr 1,J​,False,True,23-Jan-24,202401,Jan,Qtr 1,2024,1,January,4,Jan 2024
Jan 2024 week 4,2024Qtr 1,J​,False,True,22-Jan-24,202401,Jan,Qtr 1,2024,1,January,4,Jan 2024
Jan 2024 week 4,2024Qtr 1,J​,False,True,28-Jan-24,202401,Jan,Qtr 1,2024,1,January,4,Jan 2024
Jan 2024 week 4,2024Qtr 1,J​,False,True,24-Jan-24,202401,Jan,Qtr 1,2024,1,January,4,Jan 2024
Jan 2024 week 4,2024Qtr 1,J​,False,True,26-Jan-24,202401,Jan,Qtr 1,2024,1,January,4,Jan 2024
Feb 2024 week 5,2024Qtr 1,F​​,False,True,31-Jan-24,202402,Feb,Qtr 1,2024,2,February,5,Feb 2024
Feb 2024 week 5,2024Qtr 1,F​​,False,True,29-Jan-24,202402,Feb,Qtr 1,2024,2,February,5,Feb 2024
Feb 2024 week 5,2024Qtr 1,F​​,False,True,1-Feb-24,202402,Feb,Qtr 1,2024,2,February,5,Feb 2024
Feb 2024 week 5,2024Qtr 1,F​​,False,True,30-Jan-24,202402,Feb,Qtr 1,2024,2,February,5,Feb 2024
Feb 2024 week 5,2024Qtr 1,F​​,False,True,3-Feb-24,202402,Feb,Qtr 1,2024,2,February,5,Feb 2024
Feb 2024 week 5,2024Qtr 1,F​​,False,True,4-Feb-24,202402,Feb,Qtr 1,2024,2,February,5,Feb 2024
Feb 2024 week 5,2024Qtr 1,F​​,False,True,2-Feb-24,202402,Feb,Qtr 1,2024,2,February,5,Feb 2024
Feb 2024 week 6,2024Qtr 1,F​​,False,True,11-Feb-24,202402,Feb,Qtr 1,2024,2,February,6,Feb 2024
Feb 2024 week 6,2024Qtr 1,F​​,False,True,7-Feb-24,202402,Feb,Qtr 1,2024,2,February,6,Feb 2024
Feb 2024 week 6,2024Qtr 1,F​​,False,True,9-Feb-24,202402,Feb,Qtr 1,2024,2,February,6,Feb 2024
Feb 2024 week 6,2024Qtr 1,F​​,False,True,5-Feb-24,202402,Feb,Qtr 1,2024,2,February,6,Feb 2024
Feb 2024 week 6,2024Qtr 1,F​​,False,True,10-Feb-24,202402,Feb,Qtr 1,2024,2,February,6,Feb 2024
Feb 2024 week 6,2024Qtr 1,F​​,False,True,6-Feb-24,202402,Feb,Qtr 1,2024,2,February,6,Feb 2024
Feb 2024 week 6,2024Qtr 1,F​​,False,True,8-Feb-24,202402,Feb,Qtr 1,2024,2,February,6,Feb 2024
Feb 2024 week 7,2024Qtr 1,F​​,False,True,13-Feb-24,202402,Feb,Qtr 1,2024,2,February,7,Feb 2024
Feb 2024 week 7,2024Qtr 1,F​​,False,True,17-Feb-24,202402,Feb,Qtr 1,2024,2,February,7,Feb 2024
Feb 2024 week 7,2024Qtr 1,F​​,False,True,15-Feb-24,202402,Feb,Qtr 1,2024,2,February,7,Feb 2024
Feb 2024 week 7,2024Qtr 1,F​​,False,True,18-Feb-24,202402,Feb,Qtr 1,2024,2,February,7,Feb 2024
Feb 2024 week 7,2024Qtr 1,F​​,False,True,14-Feb-24,202402,Feb,Qtr 1,2024,2,February,7,Feb 2024
Feb 2024 week 7,2024Qtr 1,F​​,False,True,16-Feb-24,202402,Feb,Qtr 1,2024,2,February,7,Feb 2024
Feb 2024 week 7,2024Qtr 1,F​​,False,True,12-Feb-24,202402,Feb,Qtr 1,2024,2,February,7,Feb 2024
Feb 2024 week 8,2024Qtr 1,F​​,False,True,24-Feb-24,202402,Feb,Qtr 1,2024,2,February,8,Feb 2024
Feb 2024 week 8,2024Qtr 1,F​​,False,True,22-Feb-24,202402,Feb,Qtr 1,2024,2,February,8,Feb 2024
Feb 2024 week 8,2024Qtr 1,F​​,False,True,20-Feb-24,202402,Feb,Qtr 1,2024,2,February,8,Feb 2024
Feb 2024 week 8,2024Qtr 1,F​​,False,True,19-Feb-24,202402,Feb,Qtr 1,2024,2,February,8,Feb 2024
Feb 2024 week 8,2024Qtr 1,F​​,False,True,25-Feb-24,202402,Feb,Qtr 1,2024,2,February,8,Feb 2024
Feb 2024 week 8,2024Qtr 1,F​​,False,True,21-Feb-24,202402,Feb,Qtr 1,2024,2,February,8,Feb 2024
Feb 2024 week 8,2024Qtr 1,F​​,False,True,23-Feb-24,202402,Feb,Qtr 1,2024,2,February,8,Feb 2024
Jan 2025 week 1,2025Qtr 1,J​,True,True,2-Jan-25,202501,Jan,Qtr 1,2025,1,January,1,Jan 2025
Jan 2025 week 1,2025Qtr 1,J​,True,True,4-Jan-25,202501,Jan,Qtr 1,2025,1,January,1,Jan 2025
Jan 2025 week 1,2025Qtr 1,J​,True,True,31-Dec-24,202501,Jan,Qtr 1,2025,1,January,1,Jan 2025
Jan 2025 week 1,2025Qtr 1,J​,True,True,3-Jan-25,202501,Jan,Qtr 1,2025,1,January,1,Jan 2025
Jan 2025 week 1,2025Qtr 1,J​,True,True,5-Jan-25,202501,Jan,Qtr 1,2025,1,January,1,Jan 2025
Jan 2025 week 1,2025Qtr 1,J​,True,True,1-Jan-25,202501,Jan,Qtr 1,2025,1,January,1,Jan 2025
Jan 2025 week 1,2025Qtr 1,J​,True,True,30-Dec-24,202501,Jan,Qtr 1,2025,1,January,1,Jan 2025
Jan 2025 week 2,2025Qtr 1,J​,True,True,6-Jan-25,202501,Jan,Qtr 1,2025,1,January,2,Jan 2025
Jan 2025 week 2,2025Qtr 1,J​,True,True,11-Jan-25,202501,Jan,Qtr 1,2025,1,January,2,Jan 2025
Jan 2025 week 2,2025Qtr 1,J​,True,True,7-Jan-25,202501,Jan,Qtr 1,2025,1,January,2,Jan 2025
Jan 2025 week 2,2025Qtr 1,J​,True,True,12-Jan-25,202501,Jan,Qtr 1,2025,1,January,2,Jan 2025
Jan 2025 week 2,2025Qtr 1,J​,True,True,8-Jan-25,202501,Jan,Qtr 1,2025,1,January,2,Jan 2025
Jan 2025 week 2,2025Qtr 1,J​,True,True,9-Jan-25,202501,Jan,Qtr 1,2025,1,January,2,Jan 2025
Jan 2025 week 2,2025Qtr 1,J​,True,True,10-Jan-25,202501,Jan,Qtr 1,2025,1,January,2,Jan 2025
Jan 2025 week 3,2025Qtr 1,J​,True,True,19-Jan-25,202501,Jan,Qtr 1,2025,1,January,3,Jan 2025
Jan 2025 week 3,2025Qtr 1,J​,True,True,15-Jan-25,202501,Jan,Qtr 1,2025,1,January,3,Jan 2025
Jan 2025 week 3,2025Qtr 1,J​,True,True,13-Jan-25,202501,Jan,Qtr 1,2025,1,January,3,Jan 2025
Jan 2025 week 3,2025Qtr 1,J​,True,True,17-Jan-25,202501,Jan,Qtr 1,2025,1,January,3,Jan 2025
Jan 2025 week 3,2025Qtr 1,J​,True,True,18-Jan-25,202501,Jan,Qtr 1,2025,1,January,3,Jan 2025
Jan 2025 week 3,2025Qtr 1,J​,True,True,16-Jan-25,202501,Jan,Qtr 1,2025,1,January,3,Jan 2025
Jan 2025 week 3,2025Qtr 1,J​,True,True,14-Jan-25,202501,Jan,Qtr 1,2025,1,January,3,Jan 2025
Jan 2025 week 4,2025Qtr 1,J​,True,True,25-Jan-25,202501,Jan,Qtr 1,2025,1,January,4,Jan 2025
Jan 2025 week 4,2025Qtr 1,J​,True,True,23-Jan-25,202501,Jan,Qtr 1,2025,1,January,4,Jan 2025
Jan 2025 week 4,2025Qtr 1,J​,True,True,21-Jan-25,202501,Jan,Qtr 1,2025,1,January,4,Jan 2025
Jan 2025 week 4,2025Qtr 1,J​,True,True,22-Jan-25,202501,Jan,Qtr 1,2025,1,January,4,Jan 2025
Jan 2025 week 4,2025Qtr 1,J​,True,True,24-Jan-25,202501,Jan,Qtr 1,2025,1,January,4,Jan 2025
Jan 2025 week 4,2025Qtr 1,J​,True,True,26-Jan-25,202501,Jan,Qtr 1,2025,1,January,4,Jan 2025
Jan 2025 week 4,2025Qtr 1,J​,True,True,20-Jan-25,202501,Jan,Qtr 1,2025,1,January,4,Jan 2025
Feb 2025 week 5,2025Qtr 1,F​​,True,True,27-Jan-25,202502,Feb,Qtr 1,2025,2,February,5,Feb 2025
Feb 2025 week 5,2025Qtr 1,F​​,True,True,1-Feb-25,202502,Feb,Qtr 1,2025,2,February,5,Feb 2025
Feb 2025 week 5,2025Qtr 1,F​​,True,True,28-Jan-25,202502,Feb,Qtr 1,2025,2,February,5,Feb 2025
Feb 2025 week 5,2025Qtr 1,F​​,True,True,2-Feb-25,202502,Feb,Qtr 1,2025,2,February,5,Feb 2025
Feb 2025 week 5,2025Qtr 1,F​​,True,True,30-Jan-25,202502,Feb,Qtr 1,2025,2,February,5,Feb 2025
Feb 2025 week 5,2025Qtr 1,F​​,True,True,29-Jan-25,202502,Feb,Qtr 1,2025,2,February,5,Feb 2025
Feb 2025 week 5,2025Qtr 1,F​​,True,True,31-Jan-25,202502,Feb,Qtr 1,2025,2,February,5,Feb 2025
Feb 2025 week 6,2025Qtr 1,F​​,True,True,9-Feb-25,202502,Feb,Qtr 1,2025,2,February,6,Feb 2025
Feb 2025 week 6,2025Qtr 1,F​​,True,True,7-Feb-25,202502,Feb,Qtr 1,2025,2,February,6,Feb 2025
Feb 2025 week 6,2025Qtr 1,F​​,True,True,3-Feb-25,202502,Feb,Qtr 1,2025,2,February,6,Feb 2025
Feb 2025 week 6,2025Qtr 1,F​​,True,True,5-Feb-25,202502,Feb,Qtr 1,2025,2,February,6,Feb 2025
Feb 2025 week 6,2025Qtr 1,F​​,True,True,8-Feb-25,202502,Feb,Qtr 1,2025,2,February,6,Feb 2025
Feb 2025 week 6,2025Qtr 1,F​​,True,True,6-Feb-25,202502,Feb,Qtr 1,2025,2,February,6,Feb 2025
Feb 2025 week 6,2025Qtr 1,F​​,True,True,4-Feb-25,202502,Feb,Qtr 1,2025,2,February,6,Feb 2025
Feb 2025 week 7,2025Qtr 1,F​​,True,True,16-Feb-25,202502,Feb,Qtr 1,2025,2,February,7,Feb 2025
Feb 2025 week 7,2025Qtr 1,F​​,True,True,12-Feb-25,202502,Feb,Qtr 1,2025,2,February,7,Feb 2025
Feb 2025 week 7,2025Qtr 1,F​​,True,True,10-Feb-25,202502,Feb,Qtr 1,2025,2,February,7,Feb 2025
Feb 2025 week 7,2025Qtr 1,F​​,True,True,14-Feb-25,202502,Feb,Qtr 1,2025,2,February,7,Feb 2025
Feb 2025 week 7,2025Qtr 1,F​​,True,True,15-Feb-25,202502,Feb,Qtr 1,2025,2,February,7,Feb 2025
Feb 2025 week 7,2025Qtr 1,F​​,True,True,11-Feb-25,202502,Feb,Qtr 1,2025,2,February,7,Feb 2025
Feb 2025 week 7,2025Qtr 1,F​​,True,True,13-Feb-25,202502,Feb,Qtr 1,2025,2,February,7,Feb 2025
Feb 2025 week 8,2025Qtr 1,F​​,True,True,18-Feb-25,202502,Feb,Qtr 1,2025,2,February,8,Feb 2025
Feb 2025 week 8,2025Qtr 1,F​​,True,True,22-Feb-25,202502,Feb,Qtr 1,2025,2,February,8,Feb 2025
Feb 2025 week 8,2025Qtr 1,F​​,True,True,20-Feb-25,202502,Feb,Qtr 1,2025,2,February,8,Feb 2025
Feb 2025 week 8,2025Qtr 1,F​​,True,True,21-Feb-25,202502,Feb,Qtr 1,2025,2,February,8,Feb 2025
Feb 2025 week 8,2025Qtr 1,F​​,True,True,17-Feb-25,202502,Feb,Qtr 1,2025,2,February,8,Feb 2025
Feb 2025 week 8,2025Qtr 1,F​​,True,True,23-Feb-25,202502,Feb,Qtr 1,2025,2,February,8,Feb 2025
Feb 2025 week 8,2025Qtr 1,F​​,True,True,19-Feb-25,202502,Feb,Qtr 1,2025,2,February,8,Feb 2025
Apr 2024 week 14,2024Qtr 2,A​​​​,False,True,3-Apr-24,202404,Apr,Qtr 2,2024,4,April,14,Apr 2024
Apr 2024 week 14,2024Qtr 2,A​​​​,False,True,7-Apr-24,202404,Apr,Qtr 2,2024,4,April,14,Apr 2024
Apr 2024 week 14,2024Qtr 2,A​​​​,False,True,5-Apr-24,202404,Apr,Qtr 2,2024,4,April,14,Apr 2024
Apr 2024 week 14,2024Qtr 2,A​​​​,False,True,1-Apr-24,202404,Apr,Qtr 2,2024,4,April,14,Apr 2024
Apr 2024 week 14,2024Qtr 2,A​​​​,False,True,4-Apr-24,202404,Apr,Qtr 2,2024,4,April,14,Apr 2024
Apr 2024 week 14,2024Qtr 2,A​​​​,False,True,6-Apr-24,202404,Apr,Qtr 2,2024,4,April,14,Apr 2024
Apr 2024 week 14,2024Qtr 2,A​​​​,False,True,2-Apr-24,202404,Apr,Qtr 2,2024,4,April,14,Apr 2024
Apr 2024 week 15,2024Qtr 2,A​​​​,False,True,11-Apr-24,202404,Apr,Qtr 2,2024,4,April,15,Apr 2024
Apr 2024 week 15,2024Qtr 2,A​​​​,False,True,13-Apr-24,202404,Apr,Qtr 2,2024,4,April,15,Apr 2024
Apr 2024 week 15,2024Qtr 2,A​​​​,False,True,9-Apr-24,202404,Apr,Qtr 2,2024,4,April,15,Apr 2024
Apr 2024 week 15,2024Qtr 2,A​​​​,False,True,14-Apr-24,202404,Apr,Qtr 2,2024,4,April,15,Apr 2024
Apr 2024 week 15,2024Qtr 2,A​​​​,False,True,8-Apr-24,202404,Apr,Qtr 2,2024,4,April,15,Apr 2024
Apr 2024 week 15,2024Qtr 2,A​​​​,False,True,10-Apr-24,202404,Apr,Qtr 2,2024,4,April,15,Apr 2024
Apr 2024 week 15,2024Qtr 2,A​​​​,False,True,12-Apr-24,202404,Apr,Qtr 2,2024,4,April,15,Apr 2024
Apr 2024 week 16,2024Qtr 2,A​​​​,False,True,19-Apr-24,202404,Apr,Qtr 2,2024,4,April,16,Apr 2024
Apr 2024 week 16,2024Qtr 2,A​​​​,False,True,17-Apr-24,202404,Apr,Qtr 2,2024,4,April,16,Apr 2024
Apr 2024 week 16,2024Qtr 2,A​​​​,False,True,15-Apr-24,202404,Apr,Qtr 2,2024,4,April,16,Apr 2024
Apr 2024 week 16,2024Qtr 2,A​​​​,False,True,20-Apr-24,202404,Apr,Qtr 2,2024,4,April,16,Apr 2024
Apr 2024 week 16,2024Qtr 2,A​​​​,False,True,18-Apr-24,202404,Apr,Qtr 2,2024,4,April,16,Apr 2024
Apr 2024 week 16,2024Qtr 2,A​​​​,False,True,21-Apr-24,202404,Apr,Qtr 2,2024,4,April,16,Apr 2024
Apr 2024 week 16,2024Qtr 2,A​​​​,False,True,16-Apr-24,202404,Apr,Qtr 2,2024,4,April,16,Apr 2024
Apr 2024 week 17,2024Qtr 2,A​​​​,False,True,28-Apr-24,202404,Apr,Qtr 2,2024,4,April,17,Apr 2024
Apr 2024 week 17,2024Qtr 2,A​​​​,False,True,26-Apr-24,202404,Apr,Qtr 2,2024,4,April,17,Apr 2024
Apr 2024 week 17,2024Qtr 2,A​​​​,False,True,22-Apr-24,202404,Apr,Qtr 2,2024,4,April,17,Apr 2024
Apr 2024 week 17,2024Qtr 2,A​​​​,False,True,24-Apr-24,202404,Apr,Qtr 2,2024,4,April,17,Apr 2024
Apr 2024 week 17,2024Qtr 2,A​​​​,False,True,27-Apr-24,202404,Apr,Qtr 2,2024,4,April,17,Apr 2024
Apr 2024 week 17,2024Qtr 2,A​​​​,False,True,23-Apr-24,202404,Apr,Qtr 2,2024,4,April,17,Apr 2024
Apr 2024 week 17,2024Qtr 2,A​​​​,False,True,25-Apr-24,202404,Apr,Qtr 2,2024,4,April,17,Apr 2024
May 2024 week 18,2024Qtr 2,M​​​​​,False,True,1-May-24,202405,May,Qtr 2,2024,5,May,18,May 2024
May 2024 week 18,2024Qtr 2,M​​​​​,False,True,30-Apr-24,202405,May,Qtr 2,2024,5,May,18,May 2024
May 2024 week 18,2024Qtr 2,M​​​​​,False,True,4-May-24,202405,May,Qtr 2,2024,5,May,18,May 2024
May 2024 week 18,2024Qtr 2,M​​​​​,False,True,2-May-24,202405,May,Qtr 2,2024,5,May,18,May 2024
May 2024 week 18,2024Qtr 2,M​​​​​,False,True,29-Apr-24,202405,May,Qtr 2,2024,5,May,18,May 2024
May 2024 week 18,2024Qtr 2,M​​​​​,False,True,5-May-24,202405,May,Qtr 2,2024,5,May,18,May 2024
May 2024 week 18,2024Qtr 2,M​​​​​,False,True,3-May-24,202405,May,Qtr 2,2024,5,May,18,May 2024
May 2024 week 19,2024Qtr 2,M​​​​​,False,True,12-May-24,202405,May,Qtr 2,2024,5,May,19,May 2024
May 2024 week 19,2024Qtr 2,M​​​​​,False,True,8-May-24,202405,May,Qtr 2,2024,5,May,19,May 2024
May 2024 week 19,2024Qtr 2,M​​​​​,False,True,10-May-24,202405,May,Qtr 2,2024,5,May,19,May 2024
May 2024 week 19,2024Qtr 2,M​​​​​,False,True,6-May-24,202405,May,Qtr 2,2024,5,May,19,May 2024
May 2024 week 19,2024Qtr 2,M​​​​​,False,True,7-May-24,202405,May,Qtr 2,2024,5,May,19,May 2024
May 2024 week 19,2024Qtr 2,M​​​​​,False,True,9-May-24,202405,May,Qtr 2,2024,5,May,19,May 2024
May 2024 week 19,2024Qtr 2,M​​​​​,False,True,11-May-24,202405,May,Qtr 2,2024,5,May,19,May 2024
May 2024 week 20,2024Qtr 2,M​​​​​,False,True,14-May-24,202405,May,Qtr 2,2024,5,May,20,May 2024
May 2024 week 20,2024Qtr 2,M​​​​​,False,True,18-May-24,202405,May,Qtr 2,2024,5,May,20,May 2024
May 2024 week 20,2024Qtr 2,M​​​​​,False,True,16-May-24,202405,May,Qtr 2,2024,5,May,20,May 2024
May 2024 week 20,2024Qtr 2,M​​​​​,False,True,15-May-24,202405,May,Qtr 2,2024,5,May,20,May 2024
May 2024 week 20,2024Qtr 2,M​​​​​,False,True,13-May-24,202405,May,Qtr 2,2024,5,May,20,May 2024
May 2024 week 20,2024Qtr 2,M​​​​​,False,True,19-May-24,202405,May,Qtr 2,2024,5,May,20,May 2024
May 2024 week 20,2024Qtr 2,M​​​​​,False,True,17-May-24,202405,May,Qtr 2,2024,5,May,20,May 2024
May 2024 week 21,2024Qtr 2,M​​​​​,False,True,22-May-24,202405,May,Qtr 2,2024,5,May,21,May 2024
May 2024 week 21,2024Qtr 2,M​​​​​,False,True,20-May-24,202405,May,Qtr 2,2024,5,May,21,May 2024
May 2024 week 21,2024Qtr 2,M​​​​​,False,True,23-May-24,202405,May,Qtr 2,2024,5,May,21,May 2024
May 2024 week 21,2024Qtr 2,M​​​​​,False,True,25-May-24,202405,May,Qtr 2,2024,5,May,21,May 2024
May 2024 week 21,2024Qtr 2,M​​​​​,False,True,21-May-24,202405,May,Qtr 2,2024,5,May,21,May 2024
May 2024 week 21,2024Qtr 2,M​​​​​,False,True,26-May-24,202405,May,Qtr 2,2024,5,May,21,May 2024
May 2024 week 21,2024Qtr 2,M​​​​​,False,True,24-May-24,202405,May,Qtr 2,2024,5,May,21,May 2024
Apr 2025 week 14,2025Qtr 2,A​​​​,True,True,31-Mar-25,202504,Apr,Qtr 2,2025,4,April,14,Apr 2025
Apr 2025 week 14,2025Qtr 2,A​​​​,True,True,3-Apr-25,202504,Apr,Qtr 2,2025,4,April,14,Apr 2025
Apr 2025 week 14,2025Qtr 2,A​​​​,True,True,5-Apr-25,202504,Apr,Qtr 2,2025,4,April,14,Apr 2025
Apr 2025 week 14,2025Qtr 2,A​​​​,True,True,1-Apr-25,202504,Apr,Qtr 2,2025,4,April,14,Apr 2025
Apr 2025 week 14,2025Qtr 2,A​​​​,True,True,6-Apr-25,202504,Apr,Qtr 2,2025,4,April,14,Apr 2025
Apr 2025 week 14,2025Qtr 2,A​​​​,True,True,4-Apr-25,202504,Apr,Qtr 2,2025,4,April,14,Apr 2025
Apr 2025 week 14,2025Qtr 2,A​​​​,True,True,2-Apr-25,202504,Apr,Qtr 2,2025,4,April,14,Apr 2025
Apr 2025 week 15,2025Qtr 2,A​​​​,True,True,13-Apr-25,202504,Apr,Qtr 2,2025,4,April,15,Apr 2025
Apr 2025 week 15,2025Qtr 2,A​​​​,True,True,11-Apr-25,202504,Apr,Qtr 2,2025,4,April,15,Apr 2025
Apr 2025 week 15,2025Qtr 2,A​​​​,True,True,7-Apr-25,202504,Apr,Qtr 2,2025,4,April,15,Apr 2025
Apr 2025 week 15,2025Qtr 2,A​​​​,True,True,9-Apr-25,202504,Apr,Qtr 2,2025,4,April,15,Apr 2025
Apr 2025 week 15,2025Qtr 2,A​​​​,True,True,10-Apr-25,202504,Apr,Qtr 2,2025,4,April,15,Apr 2025
Apr 2025 week 15,2025Qtr 2,A​​​​,True,True,8-Apr-25,202504,Apr,Qtr 2,2025,4,April,15,Apr 2025
Apr 2025 week 15,2025Qtr 2,A​​​​,True,True,12-Apr-25,202504,Apr,Qtr 2,2025,4,April,15,Apr 2025
Apr 2025 week 16,2025Qtr 2,A​​​​,True,True,20-Apr-25,202504,Apr,Qtr 2,2025,4,April,16,Apr 2025
Apr 2025 week 16,2025Qtr 2,A​​​​,True,True,18-Apr-25,202504,Apr,Qtr 2,2025,4,April,16,Apr 2025
Apr 2025 week 16,2025Qtr 2,A​​​​,True,True,16-Apr-25,202504,Apr,Qtr 2,2025,4,April,16,Apr 2025
Apr 2025 week 16,2025Qtr 2,A​​​​,True,True,14-Apr-25,202504,Apr,Qtr 2,2025,4,April,16,Apr 2025
Apr 2025 week 16,2025Qtr 2,A​​​​,True,True,19-Apr-25,202504,Apr,Qtr 2,2025,4,April,16,Apr 2025
Apr 2025 week 16,2025Qtr 2,A​​​​,True,True,15-Apr-25,202504,Apr,Qtr 2,2025,4,April,16,Apr 2025
Apr 2025 week 16,2025Qtr 2,A​​​​,True,True,17-Apr-25,202504,Apr,Qtr 2,2025,4,April,16,Apr 2025
Apr 2025 week 17,2025Qtr 2,A​​​​,True,True,22-Apr-25,202504,Apr,Qtr 2,2025,4,April,17,Apr 2025
Apr 2025 week 17,2025Qtr 2,A​​​​,True,True,24-Apr-25,202504,Apr,Qtr 2,2025,4,April,17,Apr 2025
Apr 2025 week 17,2025Qtr 2,A​​​​,True,True,27-Apr-25,202504,Apr,Qtr 2,2025,4,April,17,Apr 2025
Apr 2025 week 17,2025Qtr 2,A​​​​,True,True,26-Apr-25,202504,Apr,Qtr 2,2025,4,April,17,Apr 2025
Apr 2025 week 17,2025Qtr 2,A​​​​,True,True,25-Apr-25,202504,Apr,Qtr 2,2025,4,April,17,Apr 2025
Apr 2025 week 17,2025Qtr 2,A​​​​,True,True,21-Apr-25,202504,Apr,Qtr 2,2025,4,April,17,Apr 2025
Apr 2025 week 17,2025Qtr 2,A​​​​,True,True,23-Apr-25,202504,Apr,Qtr 2,2025,4,April,17,Apr 2025
May 2025 week 18,2025Qtr 2,M​​​​​,True,True,30-Apr-25,202505,May,Qtr 2,2025,5,May,18,May 2025
May 2025 week 18,2025Qtr 2,M​​​​​,True,True,4-May-25,202505,May,Qtr 2,2025,5,May,18,May 2025
May 2025 week 18,2025Qtr 2,M​​​​​,True,True,28-Apr-25,202505,May,Qtr 2,2025,5,May,18,May 2025
May 2025 week 18,2025Qtr 2,M​​​​​,True,True,2-May-25,202505,May,Qtr 2,2025,5,May,18,May 2025
May 2025 week 18,2025Qtr 2,M​​​​​,True,True,29-Apr-25,202505,May,Qtr 2,2025,5,May,18,May 2025
May 2025 week 18,2025Qtr 2,M​​​​​,True,True,3-May-25,202505,May,Qtr 2,2025,5,May,18,May 2025
May 2025 week 18,2025Qtr 2,M​​​​​,True,True,1-May-25,202505,May,Qtr 2,2025,5,May,18,May 2025
May 2025 week 19,2025Qtr 2,M​​​​​,True,True,10-May-25,202505,May,Qtr 2,2025,5,May,19,May 2025
May 2025 week 19,2025Qtr 2,M​​​​​,True,True,8-May-25,202505,May,Qtr 2,2025,5,May,19,May 2025
May 2025 week 19,2025Qtr 2,M​​​​​,True,True,6-May-25,202505,May,Qtr 2,2025,5,May,19,May 2025
May 2025 week 19,2025Qtr 2,M​​​​​,True,True,5-May-25,202505,May,Qtr 2,2025,5,May,19,May 2025
May 2025 week 19,2025Qtr 2,M​​​​​,True,True,9-May-25,202505,May,Qtr 2,2025,5,May,19,May 2025
May 2025 week 19,2025Qtr 2,M​​​​​,True,True,11-May-25,202505,May,Qtr 2,2025,5,May,19,May 2025
May 2025 week 19,2025Qtr 2,M​​​​​,True,True,7-May-25,202505,May,Qtr 2,2025,5,May,19,May 2025
May 2025 week 20,2025Qtr 2,M​​​​​,True,True,12-May-25,202505,May,Qtr 2,2025,5,May,20,May 2025
May 2025 week 20,2025Qtr 2,M​​​​​,True,True,14-May-25,202505,May,Qtr 2,2025,5,May,20,May 2025
May 2025 week 20,2025Qtr 2,M​​​​​,True,True,15-May-25,202505,May,Qtr 2,2025,5,May,20,May 2025
May 2025 week 20,2025Qtr 2,M​​​​​,True,True,17-May-25,202505,May,Qtr 2,2025,5,May,20,May 2025
May 2025 week 20,2025Qtr 2,M​​​​​,True,True,18-May-25,202505,May,Qtr 2,2025,5,May,20,May 2025
May 2025 week 20,2025Qtr 2,M​​​​​,True,True,16-May-25,202505,May,Qtr 2,2025,5,May,20,May 2025
May 2025 week 20,2025Qtr 2,M​​​​​,True,True,13-May-25,202505,May,Qtr 2,2025,5,May,20,May 2025
May 2025 week 21,2025Qtr 2,M​​​​​,True,True,25-May-25,202505,May,Qtr 2,2025,5,May,21,May 2025
May 2025 week 21,2025Qtr 2,M​​​​​,True,True,23-May-25,202505,May,Qtr 2,2025,5,May,21,May 2025
May 2025 week 21,2025Qtr 2,M​​​​​,True,True,19-May-25,202505,May,Qtr 2,2025,5,May,21,May 2025
May 2025 week 21,2025Qtr 2,M​​​​​,True,True,21-May-25,202505,May,Qtr 2,2025,5,May,21,May 2025
May 2025 week 21,2025Qtr 2,M​​​​​,True,True,24-May-25,202505,May,Qtr 2,2025,5,May,21,May 2025
May 2025 week 21,2025Qtr 2,M​​​​​,True,True,22-May-25,202505,May,Qtr 2,2025,5,May,21,May 2025
May 2025 week 21,2025Qtr 2,M​​​​​,True,True,20-May-25,202505,May,Qtr 2,2025,5,May,21,May 2025
Jun 2024 week 22,2024Qtr 2,J​​​​​​,False,True,2-Jun-24,202406,Jun,Qtr 2,2024,6,June,22,Jun 2024
Jun 2024 week 22,2024Qtr 2,J​​​​​​,False,True,1-Jun-24,202406,Jun,Qtr 2,2024,6,June,22,Jun 2024
Jun 2024 week 22,2024Qtr 2,J​​​​​​,False,True,27-May-24,202406,Jun,Qtr 2,2024,6,June,22,Jun 2024
Jun 2024 week 22,2024Qtr 2,J​​​​​​,False,True,29-May-24,202406,Jun,Qtr 2,2024,6,June,22,Jun 2024
Jun 2024 week 22,2024Qtr 2,J​​​​​​,False,True,31-May-24,202406,Jun,Qtr 2,2024,6,June,22,Jun 2024
Jun 2024 week 22,2024Qtr 2,J​​​​​​,False,True,28-May-24,202406,Jun,Qtr 2,2024,6,June,22,Jun 2024
Jun 2024 week 22,2024Qtr 2,J​​​​​​,False,True,30-May-24,202406,Jun,Qtr 2,2024,6,June,22,Jun 2024
Jun 2024 week 23,2024Qtr 2,J​​​​​​,False,True,4-Jun-24,202406,Jun,Qtr 2,2024,6,June,23,Jun 2024
Jun 2024 week 23,2024Qtr 2,J​​​​​​,False,True,9-Jun-24,202406,Jun,Qtr 2,2024,6,June,23,Jun 2024
Jun 2024 week 23,2024Qtr 2,J​​​​​​,False,True,7-Jun-24,202406,Jun,Qtr 2,2024,6,June,23,Jun 2024
Jun 2024 week 23,2024Qtr 2,J​​​​​​,False,True,3-Jun-24,202406,Jun,Qtr 2,2024,6,June,23,Jun 2024
Jun 2024 week 23,2024Qtr 2,J​​​​​​,False,True,5-Jun-24,202406,Jun,Qtr 2,2024,6,June,23,Jun 2024
Jun 2024 week 23,2024Qtr 2,J​​​​​​,False,True,6-Jun-24,202406,Jun,Qtr 2,2024,6,June,23,Jun 2024
Jun 2024 week 23,2024Qtr 2,J​​​​​​,False,True,8-Jun-24,202406,Jun,Qtr 2,2024,6,June,23,Jun 2024
Jun 2024 week 24,2024Qtr 2,J​​​​​​,False,True,15-Jun-24,202406,Jun,Qtr 2,2024,6,June,24,Jun 2024
Jun 2024 week 24,2024Qtr 2,J​​​​​​,False,True,11-Jun-24,202406,Jun,Qtr 2,2024,6,June,24,Jun 2024
Jun 2024 week 24,2024Qtr 2,J​​​​​​,False,True,13-Jun-24,202406,Jun,Qtr 2,2024,6,June,24,Jun 2024
Jun 2024 week 24,2024Qtr 2,J​​​​​​,False,True,16-Jun-24,202406,Jun,Qtr 2,2024,6,June,24,Jun 2024
Jun 2024 week 24,2024Qtr 2,J​​​​​​,False,True,14-Jun-24,202406,Jun,Qtr 2,2024,6,June,24,Jun 2024
Jun 2024 week 24,2024Qtr 2,J​​​​​​,False,True,10-Jun-24,202406,Jun,Qtr 2,2024,6,June,24,Jun 2024
Jun 2024 week 24,2024Qtr 2,J​​​​​​,False,True,12-Jun-24,202406,Jun,Qtr 2,2024,6,June,24,Jun 2024
Jun 2024 week 25,2024Qtr 2,J​​​​​​,False,True,23-Jun-24,202406,Jun,Qtr 2,2024,6,June,25,Jun 2024
Jun 2024 week 25,2024Qtr 2,J​​​​​​,False,True,21-Jun-24,202406,Jun,Qtr 2,2024,6,June,25,Jun 2024
Jun 2024 week 25,2024Qtr 2,J​​​​​​,False,True,19-Jun-24,202406,Jun,Qtr 2,2024,6,June,25,Jun 2024
Jun 2024 week 25,2024Qtr 2,J​​​​​​,False,True,17-Jun-24,202406,Jun,Qtr 2,2024,6,June,25,Jun 2024
Jun 2024 week 25,2024Qtr 2,J​​​​​​,False,True,22-Jun-24,202406,Jun,Qtr 2,2024,6,June,25,Jun 2024
Jun 2024 week 25,2024Qtr 2,J​​​​​​,False,True,20-Jun-24,202406,Jun,Qtr 2,2024,6,June,25,Jun 2024
Jun 2024 week 25,2024Qtr 2,J​​​​​​,False,True,18-Jun-24,202406,Jun,Qtr 2,2024,6,June,25,Jun 2024
Jun 2024 week 26,2024Qtr 2,J​​​​​​,False,True,30-Jun-24,202406,Jun,Qtr 2,2024,6,June,26,Jun 2024
Jun 2024 week 26,2024Qtr 2,J​​​​​​,False,True,28-Jun-24,202406,Jun,Qtr 2,2024,6,June,26,Jun 2024
Jun 2024 week 26,2024Qtr 2,J​​​​​​,False,True,24-Jun-24,202406,Jun,Qtr 2,2024,6,June,26,Jun 2024
Jun 2024 week 26,2024Qtr 2,J​​​​​​,False,True,25-Jun-24,202406,Jun,Qtr 2,2024,6,June,26,Jun 2024
Jun 2024 week 26,2024Qtr 2,J​​​​​​,False,True,26-Jun-24,202406,Jun,Qtr 2,2024,6,June,26,Jun 2024
Jun 2024 week 26,2024Qtr 2,J​​​​​​,False,True,29-Jun-24,202406,Jun,Qtr 2,2024,6,June,26,Jun 2024
Jun 2024 week 26,2024Qtr 2,J​​​​​​,False,True,27-Jun-24,202406,Jun,Qtr 2,2024,6,June,26,Jun 2024
Jun 2025 week 22,2025Qtr 2,J​​​​​​,True,True,31-May-25,202506,Jun,Qtr 2,2025,6,June,22,Jun 2025
Jun 2025 week 22,2025Qtr 2,J​​​​​​,True,True,27-May-25,202506,Jun,Qtr 2,2025,6,June,22,Jun 2025
Jun 2025 week 22,2025Qtr 2,J​​​​​​,True,True,29-May-25,202506,Jun,Qtr 2,2025,6,June,22,Jun 2025
Jun 2025 week 22,2025Qtr 2,J​​​​​​,True,True,1-Jun-25,202506,Jun,Qtr 2,2025,6,June,22,Jun 2025
Jun 2025 week 22,2025Qtr 2,J​​​​​​,True,True,30-May-25,202506,Jun,Qtr 2,2025,6,June,22,Jun 2025
Jun 2025 week 22,2025Qtr 2,J​​​​​​,True,True,26-May-25,202506,Jun,Qtr 2,2025,6,June,22,Jun 2025
Jun 2025 week 22,2025Qtr 2,J​​​​​​,True,True,28-May-25,202506,Jun,Qtr 2,2025,6,June,22,Jun 2025
Jun 2025 week 23,2025Qtr 2,J​​​​​​,True,True,7-Jun-25,202506,Jun,Qtr 2,2025,6,June,23,Jun 2025
Jun 2025 week 23,2025Qtr 2,J​​​​​​,True,True,3-Jun-25,202506,Jun,Qtr 2,2025,6,June,23,Jun 2025
Jun 2025 week 23,2025Qtr 2,J​​​​​​,True,True,5-Jun-25,202506,Jun,Qtr 2,2025,6,June,23,Jun 2025
Jun 2025 week 23,2025Qtr 2,J​​​​​​,True,True,2-Jun-25,202506,Jun,Qtr 2,2025,6,June,23,Jun 2025
Jun 2025 week 23,2025Qtr 2,J​​​​​​,True,True,8-Jun-25,202506,Jun,Qtr 2,2025,6,June,23,Jun 2025
Jun 2025 week 23,2025Qtr 2,J​​​​​​,True,True,6-Jun-25,202506,Jun,Qtr 2,2025,6,June,23,Jun 2025
Jun 2025 week 23,2025Qtr 2,J​​​​​​,True,True,4-Jun-25,202506,Jun,Qtr 2,2025,6,June,23,Jun 2025
Jun 2025 week 24,2025Qtr 2,J​​​​​​,True,False,15-Jun-25,202506,Jun,Qtr 2,2025,6,June,24,Jun 2025
Jun 2025 week 24,2025Qtr 2,J​​​​​​,True,True,13-Jun-25,202506,Jun,Qtr 2,2025,6,June,24,Jun 2025
Jun 2025 week 24,2025Qtr 2,J​​​​​​,True,True,11-Jun-25,202506,Jun,Qtr 2,2025,6,June,24,Jun 2025
Jun 2025 week 24,2025Qtr 2,J​​​​​​,True,True,9-Jun-25,202506,Jun,Qtr 2,2025,6,June,24,Jun 2025
Jun 2025 week 24,2025Qtr 2,J​​​​​​,True,True,10-Jun-25,202506,Jun,Qtr 2,2025,6,June,24,Jun 2025
Jun 2025 week 24,2025Qtr 2,J​​​​​​,True,False,14-Jun-25,202506,Jun,Qtr 2,2025,6,June,24,Jun 2025
Jun 2025 week 24,2025Qtr 2,J​​​​​​,True,True,12-Jun-25,202506,Jun,Qtr 2,2025,6,June,24,Jun 2025
Jun 2025 week 25,2025Qtr 2,J​​​​​​,True,False,22-Jun-25,202506,Jun,Qtr 2,2025,6,June,25,Jun 2025
Jun 2025 week 25,2025Qtr 2,J​​​​​​,True,False,18-Jun-25,202506,Jun,Qtr 2,2025,6,June,25,Jun 2025
Jun 2025 week 25,2025Qtr 2,J​​​​​​,True,False,20-Jun-25,202506,Jun,Qtr 2,2025,6,June,25,Jun 2025
Jun 2025 week 25,2025Qtr 2,J​​​​​​,True,False,16-Jun-25,202506,Jun,Qtr 2,2025,6,June,25,Jun 2025
Jun 2025 week 25,2025Qtr 2,J​​​​​​,True,False,19-Jun-25,202506,Jun,Qtr 2,2025,6,June,25,Jun 2025
Jun 2025 week 25,2025Qtr 2,J​​​​​​,True,False,17-Jun-25,202506,Jun,Qtr 2,2025,6,June,25,Jun 2025
Jun 2025 week 25,2025Qtr 2,J​​​​​​,True,False,21-Jun-25,202506,Jun,Qtr 2,2025,6,June,25,Jun 2025
Jun 2025 week 26,2025Qtr 2,J​​​​​​,True,False,28-Jun-25,202506,Jun,Qtr 2,2025,6,June,26,Jun 2025
Jun 2025 week 26,2025Qtr 2,J​​​​​​,True,False,26-Jun-25,202506,Jun,Qtr 2,2025,6,June,26,Jun 2025
Jun 2025 week 26,2025Qtr 2,J​​​​​​,True,False,24-Jun-25,202506,Jun,Qtr 2,2025,6,June,26,Jun 2025
Jun 2025 week 26,2025Qtr 2,J​​​​​​,True,False,29-Jun-25,202506,Jun,Qtr 2,2025,6,June,26,Jun 2025
Jun 2025 week 26,2025Qtr 2,J​​​​​​,True,False,23-Jun-25,202506,Jun,Qtr 2,2025,6,June,26,Jun 2025
Jun 2025 week 26,2025Qtr 2,J​​​​​​,True,False,27-Jun-25,202506,Jun,Qtr 2,2025,6,June,26,Jun 2025
Jun 2025 week 26,2025Qtr 2,J​​​​​​,True,False,25-Jun-25,202506,Jun,Qtr 2,2025,6,June,26,Jun 2025
Jul 2025 week 27,2025Qtr 3,J​​​​​​​,True,False,30-Jun-25,202507,Jul,Qtr 3,2025,7,July,27,Jul 2025
Jul 2024 week 27,2024Qtr 3,J​​​​​​​,False,True,5-Jul-24,202407,Jul,Qtr 3,2024,7,July,27,Jul 2024
Jul 2024 week 27,2024Qtr 3,J​​​​​​​,False,True,1-Jul-24,202407,Jul,Qtr 3,2024,7,July,27,Jul 2024
Jul 2024 week 27,2024Qtr 3,J​​​​​​​,False,True,3-Jul-24,202407,Jul,Qtr 3,2024,7,July,27,Jul 2024
Jul 2024 week 27,2024Qtr 3,J​​​​​​​,False,True,4-Jul-24,202407,Jul,Qtr 3,2024,7,July,27,Jul 2024
Jul 2024 week 27,2024Qtr 3,J​​​​​​​,False,True,6-Jul-24,202407,Jul,Qtr 3,2024,7,July,27,Jul 2024
Jul 2024 week 27,2024Qtr 3,J​​​​​​​,False,True,2-Jul-24,202407,Jul,Qtr 3,2024,7,July,27,Jul 2024
Jul 2024 week 27,2024Qtr 3,J​​​​​​​,False,True,7-Jul-24,202407,Jul,Qtr 3,2024,7,July,27,Jul 2024
Jul 2024 week 28,2024Qtr 3,J​​​​​​​,False,True,8-Jul-24,202407,Jul,Qtr 3,2024,7,July,28,Jul 2024
Jul 2024 week 28,2024Qtr 3,J​​​​​​​,False,True,10-Jul-24,202407,Jul,Qtr 3,2024,7,July,28,Jul 2024
Jul 2024 week 28,2024Qtr 3,J​​​​​​​,False,True,12-Jul-24,202407,Jul,Qtr 3,2024,7,July,28,Jul 2024
Jul 2024 week 28,2024Qtr 3,J​​​​​​​,False,True,14-Jul-24,202407,Jul,Qtr 3,2024,7,July,28,Jul 2024
Jul 2024 week 28,2024Qtr 3,J​​​​​​​,False,True,13-Jul-24,202407,Jul,Qtr 3,2024,7,July,28,Jul 2024
Jul 2024 week 28,2024Qtr 3,J​​​​​​​,False,True,11-Jul-24,202407,Jul,Qtr 3,2024,7,July,28,Jul 2024
Jul 2024 week 28,2024Qtr 3,J​​​​​​​,False,True,9-Jul-24,202407,Jul,Qtr 3,2024,7,July,28,Jul 2024
Jul 2024 week 29,2024Qtr 3,J​​​​​​​,False,True,20-Jul-24,202407,Jul,Qtr 3,2024,7,July,29,Jul 2024
Jul 2024 week 29,2024Qtr 3,J​​​​​​​,False,True,16-Jul-24,202407,Jul,Qtr 3,2024,7,July,29,Jul 2024
Jul 2024 week 29,2024Qtr 3,J​​​​​​​,False,True,18-Jul-24,202407,Jul,Qtr 3,2024,7,July,29,Jul 2024
Jul 2024 week 29,2024Qtr 3,J​​​​​​​,False,True,21-Jul-24,202407,Jul,Qtr 3,2024,7,July,29,Jul 2024
Jul 2024 week 29,2024Qtr 3,J​​​​​​​,False,True,15-Jul-24,202407,Jul,Qtr 3,2024,7,July,29,Jul 2024
Jul 2024 week 29,2024Qtr 3,J​​​​​​​,False,True,19-Jul-24,202407,Jul,Qtr 3,2024,7,July,29,Jul 2024
Jul 2024 week 29,2024Qtr 3,J​​​​​​​,False,True,17-Jul-24,202407,Jul,Qtr 3,2024,7,July,29,Jul 2024
Jul 2024 week 30,2024Qtr 3,J​​​​​​​,False,True,26-Jul-24,202407,Jul,Qtr 3,2024,7,July,30,Jul 2024
Jul 2024 week 30,2024Qtr 3,J​​​​​​​,False,True,24-Jul-24,202407,Jul,Qtr 3,2024,7,July,30,Jul 2024
Jul 2024 week 30,2024Qtr 3,J​​​​​​​,False,True,27-Jul-24,202407,Jul,Qtr 3,2024,7,July,30,Jul 2024
Jul 2024 week 30,2024Qtr 3,J​​​​​​​,False,True,22-Jul-24,202407,Jul,Qtr 3,2024,7,July,30,Jul 2024
Jul 2024 week 30,2024Qtr 3,J​​​​​​​,False,True,25-Jul-24,202407,Jul,Qtr 3,2024,7,July,30,Jul 2024
Jul 2024 week 30,2024Qtr 3,J​​​​​​​,False,True,23-Jul-24,202407,Jul,Qtr 3,2024,7,July,30,Jul 2024
Jul 2024 week 30,2024Qtr 3,J​​​​​​​,False,True,28-Jul-24,202407,Jul,Qtr 3,2024,7,July,30,Jul 2024
Aug 2024 week 31,2024Qtr 3,A​​​​​​​​,False,True,4-Aug-24,202408,Aug,Qtr 3,2024,8,August,31,Aug 2024
Aug 2024 week 31,2024Qtr 3,A​​​​​​​​,False,True,2-Aug-24,202408,Aug,Qtr 3,2024,8,August,31,Aug 2024
Aug 2024 week 31,2024Qtr 3,A​​​​​​​​,False,True,31-Jul-24,202408,Aug,Qtr 3,2024,8,August,31,Aug 2024
Aug 2024 week 31,2024Qtr 3,A​​​​​​​​,False,True,29-Jul-24,202408,Aug,Qtr 3,2024,8,August,31,Aug 2024
Aug 2024 week 31,2024Qtr 3,A​​​​​​​​,False,True,1-Aug-24,202408,Aug,Qtr 3,2024,8,August,31,Aug 2024
Aug 2024 week 31,2024Qtr 3,A​​​​​​​​,False,True,3-Aug-24,202408,Aug,Qtr 3,2024,8,August,31,Aug 2024
Aug 2024 week 31,2024Qtr 3,A​​​​​​​​,False,True,30-Jul-24,202408,Aug,Qtr 3,2024,8,August,31,Aug 2024
Aug 2024 week 32,2024Qtr 3,A​​​​​​​​,False,True,6-Aug-24,202408,Aug,Qtr 3,2024,8,August,32,Aug 2024
Aug 2024 week 32,2024Qtr 3,A​​​​​​​​,False,True,8-Aug-24,202408,Aug,Qtr 3,2024,8,August,32,Aug 2024
Aug 2024 week 32,2024Qtr 3,A​​​​​​​​,False,True,9-Aug-24,202408,Aug,Qtr 3,2024,8,August,32,Aug 2024
Aug 2024 week 32,2024Qtr 3,A​​​​​​​​,False,True,7-Aug-24,202408,Aug,Qtr 3,2024,8,August,32,Aug 2024
Aug 2024 week 32,2024Qtr 3,A​​​​​​​​,False,True,11-Aug-24,202408,Aug,Qtr 3,2024,8,August,32,Aug 2024
Aug 2024 week 32,2024Qtr 3,A​​​​​​​​,False,True,5-Aug-24,202408,Aug,Qtr 3,2024,8,August,32,Aug 2024
Aug 2024 week 32,2024Qtr 3,A​​​​​​​​,False,True,10-Aug-24,202408,Aug,Qtr 3,2024,8,August,32,Aug 2024
Aug 2024 week 33,2024Qtr 3,A​​​​​​​​,False,True,17-Aug-24,202408,Aug,Qtr 3,2024,8,August,33,Aug 2024
Aug 2024 week 33,2024Qtr 3,A​​​​​​​​,False,True,15-Aug-24,202408,Aug,Qtr 3,2024,8,August,33,Aug 2024
Aug 2024 week 33,2024Qtr 3,A​​​​​​​​,False,True,13-Aug-24,202408,Aug,Qtr 3,2024,8,August,33,Aug 2024
Aug 2024 week 33,2024Qtr 3,A​​​​​​​​,False,True,16-Aug-24,202408,Aug,Qtr 3,2024,8,August,33,Aug 2024
Aug 2024 week 33,2024Qtr 3,A​​​​​​​​,False,True,18-Aug-24,202408,Aug,Qtr 3,2024,8,August,33,Aug 2024
Aug 2024 week 33,2024Qtr 3,A​​​​​​​​,False,True,14-Aug-24,202408,Aug,Qtr 3,2024,8,August,33,Aug 2024
Aug 2024 week 33,2024Qtr 3,A​​​​​​​​,False,True,12-Aug-24,202408,Aug,Qtr 3,2024,8,August,33,Aug 2024
Aug 2024 week 34,2024Qtr 3,A​​​​​​​​,False,True,25-Aug-24,202408,Aug,Qtr 3,2024,8,August,34,Aug 2024
Aug 2024 week 34,2024Qtr 3,A​​​​​​​​,False,True,23-Aug-24,202408,Aug,Qtr 3,2024,8,August,34,Aug 2024
Aug 2024 week 34,2024Qtr 3,A​​​​​​​​,False,True,19-Aug-24,202408,Aug,Qtr 3,2024,8,August,34,Aug 2024
Aug 2024 week 34,2024Qtr 3,A​​​​​​​​,False,True,21-Aug-24,202408,Aug,Qtr 3,2024,8,August,34,Aug 2024
Aug 2024 week 34,2024Qtr 3,A​​​​​​​​,False,True,24-Aug-24,202408,Aug,Qtr 3,2024,8,August,34,Aug 2024
Aug 2024 week 34,2024Qtr 3,A​​​​​​​​,False,True,22-Aug-24,202408,Aug,Qtr 3,2024,8,August,34,Aug 2024
Aug 2024 week 34,2024Qtr 3,A​​​​​​​​,False,True,20-Aug-24,202408,Aug,Qtr 3,2024,8,August,34,Aug 2024
Sep 2024 week 35,2024Qtr 3,S​​​​​​​​​,False,True,27-Aug-24,202409,Sep,Qtr 3,2024,9,September,35,Sep 2024
Sep 2024 week 35,2024Qtr 3,S​​​​​​​​​,False,True,1-Sep-24,202409,Sep,Qtr 3,2024,9,September,35,Sep 2024
Sep 2024 week 35,2024Qtr 3,S​​​​​​​​​,False,True,28-Aug-24,202409,Sep,Qtr 3,2024,9,September,35,Sep 2024
Sep 2024 week 35,2024Qtr 3,S​​​​​​​​​,False,True,30-Aug-24,202409,Sep,Qtr 3,2024,9,September,35,Sep 2024
Sep 2024 week 35,2024Qtr 3,S​​​​​​​​​,False,True,31-Aug-24,202409,Sep,Qtr 3,2024,9,September,35,Sep 2024
Sep 2024 week 35,2024Qtr 3,S​​​​​​​​​,False,True,26-Aug-24,202409,Sep,Qtr 3,2024,9,September,35,Sep 2024
Sep 2024 week 35,2024Qtr 3,S​​​​​​​​​,False,True,29-Aug-24,202409,Sep,Qtr 3,2024,9,September,35,Sep 2024
Sep 2024 week 36,2024Qtr 3,S​​​​​​​​​,False,True,7-Sep-24,202409,Sep,Qtr 3,2024,9,September,36,Sep 2024
Sep 2024 week 36,2024Qtr 3,S​​​​​​​​​,False,True,5-Sep-24,202409,Sep,Qtr 3,2024,9,September,36,Sep 2024
Sep 2024 week 36,2024Qtr 3,S​​​​​​​​​,False,True,3-Sep-24,202409,Sep,Qtr 3,2024,9,September,36,Sep 2024
Sep 2024 week 36,2024Qtr 3,S​​​​​​​​​,False,True,6-Sep-24,202409,Sep,Qtr 3,2024,9,September,36,Sep 2024
Sep 2024 week 36,2024Qtr 3,S​​​​​​​​​,False,True,4-Sep-24,202409,Sep,Qtr 3,2024,9,September,36,Sep 2024
Sep 2024 week 36,2024Qtr 3,S​​​​​​​​​,False,True,8-Sep-24,202409,Sep,Qtr 3,2024,9,September,36,Sep 2024
Sep 2024 week 36,2024Qtr 3,S​​​​​​​​​,False,True,2-Sep-24,202409,Sep,Qtr 3,2024,9,September,36,Sep 2024
Sep 2024 week 37,2024Qtr 3,S​​​​​​​​​,False,True,9-Sep-24,202409,Sep,Qtr 3,2024,9,September,37,Sep 2024
Sep 2024 week 37,2024Qtr 3,S​​​​​​​​​,False,True,10-Sep-24,202409,Sep,Qtr 3,2024,9,September,37,Sep 2024
Sep 2024 week 37,2024Qtr 3,S​​​​​​​​​,False,True,12-Sep-24,202409,Sep,Qtr 3,2024,9,September,37,Sep 2024
Sep 2024 week 37,2024Qtr 3,S​​​​​​​​​,False,True,14-Sep-24,202409,Sep,Qtr 3,2024,9,September,37,Sep 2024
Sep 2024 week 37,2024Qtr 3,S​​​​​​​​​,False,True,15-Sep-24,202409,Sep,Qtr 3,2024,9,September,37,Sep 2024
Sep 2024 week 37,2024Qtr 3,S​​​​​​​​​,False,True,13-Sep-24,202409,Sep,Qtr 3,2024,9,September,37,Sep 2024
Sep 2024 week 37,2024Qtr 3,S​​​​​​​​​,False,True,11-Sep-24,202409,Sep,Qtr 3,2024,9,September,37,Sep 2024
Sep 2024 week 38,2024Qtr 3,S​​​​​​​​​,False,True,20-Sep-24,202409,Sep,Qtr 3,2024,9,September,38,Sep 2024
Sep 2024 week 38,2024Qtr 3,S​​​​​​​​​,False,True,22-Sep-24,202409,Sep,Qtr 3,2024,9,September,38,Sep 2024
Sep 2024 week 38,2024Qtr 3,S​​​​​​​​​,False,True,16-Sep-24,202409,Sep,Qtr 3,2024,9,September,38,Sep 2024
Sep 2024 week 38,2024Qtr 3,S​​​​​​​​​,False,True,18-Sep-24,202409,Sep,Qtr 3,2024,9,September,38,Sep 2024
Sep 2024 week 38,2024Qtr 3,S​​​​​​​​​,False,True,19-Sep-24,202409,Sep,Qtr 3,2024,9,September,38,Sep 2024
Sep 2024 week 38,2024Qtr 3,S​​​​​​​​​,False,True,17-Sep-24,202409,Sep,Qtr 3,2024,9,September,38,Sep 2024
Sep 2024 week 38,2024Qtr 3,S​​​​​​​​​,False,True,21-Sep-24,202409,Sep,Qtr 3,2024,9,September,38,Sep 2024
Sep 2024 week 39,2024Qtr 3,S​​​​​​​​​,False,True,26-Sep-24,202409,Sep,Qtr 3,2024,9,September,39,Sep 2024
Sep 2024 week 39,2024Qtr 3,S​​​​​​​​​,False,True,28-Sep-24,202409,Sep,Qtr 3,2024,9,September,39,Sep 2024
Sep 2024 week 39,2024Qtr 3,S​​​​​​​​​,False,True,24-Sep-24,202409,Sep,Qtr 3,2024,9,September,39,Sep 2024
Sep 2024 week 39,2024Qtr 3,S​​​​​​​​​,False,True,25-Sep-24,202409,Sep,Qtr 3,2024,9,September,39,Sep 2024
Sep 2024 week 39,2024Qtr 3,S​​​​​​​​​,False,True,29-Sep-24,202409,Sep,Qtr 3,2024,9,September,39,Sep 2024
Sep 2024 week 39,2024Qtr 3,S​​​​​​​​​,False,True,27-Sep-24,202409,Sep,Qtr 3,2024,9,September,39,Sep 2024
Sep 2024 week 39,2024Qtr 3,S​​​​​​​​​,False,True,23-Sep-24,202409,Sep,Qtr 3,2024,9,September,39,Sep 2024
Oct 2024 week 40,2024Qtr 4,O​​​​​​​​​​,False,True,30-Sep-24,202410,Oct,Qtr 4,2024,10,October,40,Oct 2024
Oct 2024 week 40,2024Qtr 4,O​​​​​​​​​​,False,True,4-Oct-24,202410,Oct,Qtr 4,2024,10,October,40,Oct 2024
Oct 2024 week 40,2024Qtr 4,O​​​​​​​​​​,False,True,6-Oct-24,202410,Oct,Qtr 4,2024,10,October,40,Oct 2024
Oct 2024 week 40,2024Qtr 4,O​​​​​​​​​​,False,True,2-Oct-24,202410,Oct,Qtr 4,2024,10,October,40,Oct 2024
Oct 2024 week 40,2024Qtr 4,O​​​​​​​​​​,False,True,1-Oct-24,202410,Oct,Qtr 4,2024,10,October,40,Oct 2024
Oct 2024 week 40,2024Qtr 4,O​​​​​​​​​​,False,True,3-Oct-24,202410,Oct,Qtr 4,2024,10,October,40,Oct 2024
Oct 2024 week 40,2024Qtr 4,O​​​​​​​​​​,False,True,5-Oct-24,202410,Oct,Qtr 4,2024,10,October,40,Oct 2024
Oct 2024 week 41,2024Qtr 4,O​​​​​​​​​​,False,True,10-Oct-24,202410,Oct,Qtr 4,2024,10,October,41,Oct 2024
Oct 2024 week 41,2024Qtr 4,O​​​​​​​​​​,False,True,12-Oct-24,202410,Oct,Qtr 4,2024,10,October,41,Oct 2024
Oct 2024 week 41,2024Qtr 4,O​​​​​​​​​​,False,True,8-Oct-24,202410,Oct,Qtr 4,2024,10,October,41,Oct 2024
Oct 2024 week 41,2024Qtr 4,O​​​​​​​​​​,False,True,13-Oct-24,202410,Oct,Qtr 4,2024,10,October,41,Oct 2024
Oct 2024 week 41,2024Qtr 4,O​​​​​​​​​​,False,True,9-Oct-24,202410,Oct,Qtr 4,2024,10,October,41,Oct 2024
Oct 2024 week 41,2024Qtr 4,O​​​​​​​​​​,False,True,11-Oct-24,202410,Oct,Qtr 4,2024,10,October,41,Oct 2024
Oct 2024 week 41,2024Qtr 4,O​​​​​​​​​​,False,True,7-Oct-24,202410,Oct,Qtr 4,2024,10,October,41,Oct 2024
Oct 2024 week 42,2024Qtr 4,O​​​​​​​​​​,False,True,17-Oct-24,202410,Oct,Qtr 4,2024,10,October,42,Oct 2024
Oct 2024 week 42,2024Qtr 4,O​​​​​​​​​​,False,True,15-Oct-24,202410,Oct,Qtr 4,2024,10,October,42,Oct 2024
Oct 2024 week 42,2024Qtr 4,O​​​​​​​​​​,False,True,19-Oct-24,202410,Oct,Qtr 4,2024,10,October,42,Oct 2024
Oct 2024 week 42,2024Qtr 4,O​​​​​​​​​​,False,True,18-Oct-24,202410,Oct,Qtr 4,2024,10,October,42,Oct 2024
Oct 2024 week 42,2024Qtr 4,O​​​​​​​​​​,False,True,20-Oct-24,202410,Oct,Qtr 4,2024,10,October,42,Oct 2024
Oct 2024 week 42,2024Qtr 4,O​​​​​​​​​​,False,True,16-Oct-24,202410,Oct,Qtr 4,2024,10,October,42,Oct 2024
Oct 2024 week 42,2024Qtr 4,O​​​​​​​​​​,False,True,14-Oct-24,202410,Oct,Qtr 4,2024,10,October,42,Oct 2024
Oct 2024 week 43,2024Qtr 4,O​​​​​​​​​​,False,True,25-Oct-24,202410,Oct,Qtr 4,2024,10,October,43,Oct 2024
Oct 2024 week 43,2024Qtr 4,O​​​​​​​​​​,False,True,27-Oct-24,202410,Oct,Qtr 4,2024,10,October,43,Oct 2024
Oct 2024 week 43,2024Qtr 4,O​​​​​​​​​​,False,True,23-Oct-24,202410,Oct,Qtr 4,2024,10,October,43,Oct 2024
Oct 2024 week 43,2024Qtr 4,O​​​​​​​​​​,False,True,21-Oct-24,202410,Oct,Qtr 4,2024,10,October,43,Oct 2024
Oct 2024 week 43,2024Qtr 4,O​​​​​​​​​​,False,True,24-Oct-24,202410,Oct,Qtr 4,2024,10,October,43,Oct 2024
Oct 2024 week 43,2024Qtr 4,O​​​​​​​​​​,False,True,22-Oct-24,202410,Oct,Qtr 4,2024,10,October,43,Oct 2024
Oct 2024 week 43,2024Qtr 4,O​​​​​​​​​​,False,True,26-Oct-24,202410,Oct,Qtr 4,2024,10,October,43,Oct 2024
Nov 2024 week 44,2024Qtr 4,N​​​​​​​​​​​,False,True,31-Oct-24,202411,Nov,Qtr 4,2024,11,November,44,Nov 2024
Nov 2024 week 44,2024Qtr 4,N​​​​​​​​​​​,False,True,29-Oct-24,202411,Nov,Qtr 4,2024,11,November,44,Nov 2024
Nov 2024 week 44,2024Qtr 4,N​​​​​​​​​​​,False,True,3-Nov-24,202411,Nov,Qtr 4,2024,11,November,44,Nov 2024
Nov 2024 week 44,2024Qtr 4,N​​​​​​​​​​​,False,True,1-Nov-24,202411,Nov,Qtr 4,2024,11,November,44,Nov 2024
Nov 2024 week 44,2024Qtr 4,N​​​​​​​​​​​,False,True,28-Oct-24,202411,Nov,Qtr 4,2024,11,November,44,Nov 2024
Nov 2024 week 44,2024Qtr 4,N​​​​​​​​​​​,False,True,30-Oct-24,202411,Nov,Qtr 4,2024,11,November,44,Nov 2024
Nov 2024 week 44,2024Qtr 4,N​​​​​​​​​​​,False,True,2-Nov-24,202411,Nov,Qtr 4,2024,11,November,44,Nov 2024
Nov 2024 week 45,2024Qtr 4,N​​​​​​​​​​​,False,True,5-Nov-24,202411,Nov,Qtr 4,2024,11,November,45,Nov 2024
Nov 2024 week 45,2024Qtr 4,N​​​​​​​​​​​,False,True,9-Nov-24,202411,Nov,Qtr 4,2024,11,November,45,Nov 2024
Nov 2024 week 45,2024Qtr 4,N​​​​​​​​​​​,False,True,7-Nov-24,202411,Nov,Qtr 4,2024,11,November,45,Nov 2024
Nov 2024 week 45,2024Qtr 4,N​​​​​​​​​​​,False,True,4-Nov-24,202411,Nov,Qtr 4,2024,11,November,45,Nov 2024
Nov 2024 week 45,2024Qtr 4,N​​​​​​​​​​​,False,True,8-Nov-24,202411,Nov,Qtr 4,2024,11,November,45,Nov 2024
Nov 2024 week 45,2024Qtr 4,N​​​​​​​​​​​,False,True,6-Nov-24,202411,Nov,Qtr 4,2024,11,November,45,Nov 2024
Nov 2024 week 45,2024Qtr 4,N​​​​​​​​​​​,False,True,10-Nov-24,202411,Nov,Qtr 4,2024,11,November,45,Nov 2024
Nov 2024 week 46,2024Qtr 4,N​​​​​​​​​​​,False,True,11-Nov-24,202411,Nov,Qtr 4,2024,11,November,46,Nov 2024
Nov 2024 week 46,2024Qtr 4,N​​​​​​​​​​​,False,True,13-Nov-24,202411,Nov,Qtr 4,2024,11,November,46,Nov 2024
Nov 2024 week 46,2024Qtr 4,N​​​​​​​​​​​,False,True,12-Nov-24,202411,Nov,Qtr 4,2024,11,November,46,Nov 2024
Nov 2024 week 46,2024Qtr 4,N​​​​​​​​​​​,False,True,16-Nov-24,202411,Nov,Qtr 4,2024,11,November,46,Nov 2024
Nov 2024 week 46,2024Qtr 4,N​​​​​​​​​​​,False,True,14-Nov-24,202411,Nov,Qtr 4,2024,11,November,46,Nov 2024
Nov 2024 week 46,2024Qtr 4,N​​​​​​​​​​​,False,True,15-Nov-24,202411,Nov,Qtr 4,2024,11,November,46,Nov 2024
Nov 2024 week 46,2024Qtr 4,N​​​​​​​​​​​,False,True,17-Nov-24,202411,Nov,Qtr 4,2024,11,November,46,Nov 2024
Nov 2024 week 47,2024Qtr 4,N​​​​​​​​​​​,False,True,22-Nov-24,202411,Nov,Qtr 4,2024,11,November,47,Nov 2024
Nov 2024 week 47,2024Qtr 4,N​​​​​​​​​​​,False,True,20-Nov-24,202411,Nov,Qtr 4,2024,11,November,47,Nov 2024
Nov 2024 week 47,2024Qtr 4,N​​​​​​​​​​​,False,True,18-Nov-24,202411,Nov,Qtr 4,2024,11,November,47,Nov 2024
Nov 2024 week 47,2024Qtr 4,N​​​​​​​​​​​,False,True,24-Nov-24,202411,Nov,Qtr 4,2024,11,November,47,Nov 2024
Nov 2024 week 47,2024Qtr 4,N​​​​​​​​​​​,False,True,19-Nov-24,202411,Nov,Qtr 4,2024,11,November,47,Nov 2024
Nov 2024 week 47,2024Qtr 4,N​​​​​​​​​​​,False,True,21-Nov-24,202411,Nov,Qtr 4,2024,11,November,47,Nov 2024
Nov 2024 week 47,2024Qtr 4,N​​​​​​​​​​​,False,True,23-Nov-24,202411,Nov,Qtr 4,2024,11,November,47,Nov 2024
Dec 2024 week 48,2024Qtr 4,D​​​​​​​​​​​​,False,True,28-Nov-24,202412,Dec,Qtr 4,2024,12,December,48,Dec 2024
Dec 2024 week 48,2024Qtr 4,D​​​​​​​​​​​​,False,True,26-Nov-24,202412,Dec,Qtr 4,2024,12,December,48,Dec 2024
Dec 2024 week 48,2024Qtr 4,D​​​​​​​​​​​​,False,True,30-Nov-24,202412,Dec,Qtr 4,2024,12,December,48,Dec 2024
Dec 2024 week 48,2024Qtr 4,D​​​​​​​​​​​​,False,True,25-Nov-24,202412,Dec,Qtr 4,2024,12,December,48,Dec 2024
Dec 2024 week 48,2024Qtr 4,D​​​​​​​​​​​​,False,True,27-Nov-24,202412,Dec,Qtr 4,2024,12,December,48,Dec 2024
Dec 2024 week 48,2024Qtr 4,D​​​​​​​​​​​​,False,True,29-Nov-24,202412,Dec,Qtr 4,2024,12,December,48,Dec 2024
Dec 2024 week 48,2024Qtr 4,D​​​​​​​​​​​​,False,True,1-Dec-24,202412,Dec,Qtr 4,2024,12,December,48,Dec 2024
Dec 2024 week 49,2024Qtr 4,D​​​​​​​​​​​​,False,True,6-Dec-24,202412,Dec,Qtr 4,2024,12,December,49,Dec 2024
Dec 2024 week 49,2024Qtr 4,D​​​​​​​​​​​​,False,True,8-Dec-24,202412,Dec,Qtr 4,2024,12,December,49,Dec 2024
Dec 2024 week 49,2024Qtr 4,D​​​​​​​​​​​​,False,True,4-Dec-24,202412,Dec,Qtr 4,2024,12,December,49,Dec 2024
Dec 2024 week 49,2024Qtr 4,D​​​​​​​​​​​​,False,True,2-Dec-24,202412,Dec,Qtr 4,2024,12,December,49,Dec 2024
Dec 2024 week 49,2024Qtr 4,D​​​​​​​​​​​​,False,True,5-Dec-24,202412,Dec,Qtr 4,2024,12,December,49,Dec 2024
Dec 2024 week 49,2024Qtr 4,D​​​​​​​​​​​​,False,True,3-Dec-24,202412,Dec,Qtr 4,2024,12,December,49,Dec 2024
Dec 2024 week 49,2024Qtr 4,D​​​​​​​​​​​​,False,True,7-Dec-24,202412,Dec,Qtr 4,2024,12,December,49,Dec 2024
Dec 2024 week 50,2024Qtr 4,D​​​​​​​​​​​​,False,True,14-Dec-24,202412,Dec,Qtr 4,2024,12,December,50,Dec 2024
Dec 2024 week 50,2024Qtr 4,D​​​​​​​​​​​​,False,True,12-Dec-24,202412,Dec,Qtr 4,2024,12,December,50,Dec 2024
Dec 2024 week 50,2024Qtr 4,D​​​​​​​​​​​​,False,True,10-Dec-24,202412,Dec,Qtr 4,2024,12,December,50,Dec 2024
Dec 2024 week 50,2024Qtr 4,D​​​​​​​​​​​​,False,True,15-Dec-24,202412,Dec,Qtr 4,2024,12,December,50,Dec 2024
Dec 2024 week 50,2024Qtr 4,D​​​​​​​​​​​​,False,True,13-Dec-24,202412,Dec,Qtr 4,2024,12,December,50,Dec 2024
Dec 2024 week 50,2024Qtr 4,D​​​​​​​​​​​​,False,True,11-Dec-24,202412,Dec,Qtr 4,2024,12,December,50,Dec 2024
Dec 2024 week 50,2024Qtr 4,D​​​​​​​​​​​​,False,True,9-Dec-24,202412,Dec,Qtr 4,2024,12,December,50,Dec 2024
Dec 2024 week 51,2024Qtr 4,D​​​​​​​​​​​​,False,True,16-Dec-24,202412,Dec,Qtr 4,2024,12,December,51,Dec 2024
Dec 2024 week 51,2024Qtr 4,D​​​​​​​​​​​​,False,True,17-Dec-24,202412,Dec,Qtr 4,2024,12,December,51,Dec 2024
Dec 2024 week 51,2024Qtr 4,D​​​​​​​​​​​​,False,True,19-Dec-24,202412,Dec,Qtr 4,2024,12,December,51,Dec 2024
Dec 2024 week 51,2024Qtr 4,D​​​​​​​​​​​​,False,True,21-Dec-24,202412,Dec,Qtr 4,2024,12,December,51,Dec 2024
Dec 2024 week 51,2024Qtr 4,D​​​​​​​​​​​​,False,True,22-Dec-24,202412,Dec,Qtr 4,2024,12,December,51,Dec 2024
Dec 2024 week 51,2024Qtr 4,D​​​​​​​​​​​​,False,True,18-Dec-24,202412,Dec,Qtr 4,2024,12,December,51,Dec 2024
Dec 2024 week 51,2024Qtr 4,D​​​​​​​​​​​​,False,True,20-Dec-24,202412,Dec,Qtr 4,2024,12,December,51,Dec 2024
Dec 2024 week 52,2024Qtr 4,D​​​​​​​​​​​​,False,True,29-Dec-24,202412,Dec,Qtr 4,2024,12,December,52,Dec 2024
Dec 2024 week 52,2024Qtr 4,D​​​​​​​​​​​​,False,True,27-Dec-24,202412,Dec,Qtr 4,2024,12,December,52,Dec 2024
Dec 2024 week 52,2024Qtr 4,D​​​​​​​​​​​​,False,True,25-Dec-24,202412,Dec,Qtr 4,2024,12,December,52,Dec 2024
Dec 2024 week 52,2024Qtr 4,D​​​​​​​​​​​​,False,True,23-Dec-24,202412,Dec,Qtr 4,2024,12,December,52,Dec 2024
Dec 2024 week 52,2024Qtr 4,D​​​​​​​​​​​​,False,True,28-Dec-24,202412,Dec,Qtr 4,2024,12,December,52,Dec 2024
Dec 2024 week 52,2024Qtr 4,D​​​​​​​​​​​​,False,True,24-Dec-24,202412,Dec,Qtr 4,2024,12,December,52,Dec 2024
Dec 2024 week 52,2024Qtr 4,D​​​​​​​​​​​​,False,True,26-Dec-24,202412,Dec,Qtr 4,2024,12,December,52,Dec 2024
